{"downloadCount": 88, "provenance": "official", "createdAt": 1507819258, "viewCount": 126, "publicationGroup": 14529525, "oid": 30007266, "publicationAppendEnabled": false, "metadata": {"renderTypeConfig": {"visible": {"table": true}}, "rowIdentifier": "0", "custom_fields": {"Common Core": {"Contact Email": "MedicareProviderData@cms.hhs.gov", "Contact Name": "OEDA", "Program Code": "009:000", "Bureau Code": "009:38"}}, "rdfSubject": "0", "attachments": [{"name": "Part_D_Prescriber_PUF_Methodology_2018-11-05.pdf", "filename": "Part_D_Prescriber_PUF_Methodology_2018-11-05.pdf", "assetId": "b8c93c96-968c-4dfb-9421-27f75d1d76e1"}], "availableDisplayTypes": ["table", "fatrow", "page"], "rowLabel": "", "rdfClass": ""}, "category": "Medicare - Part D", "rowClass": "", "tableId": 15621738, "rights": ["read"], "licenseId": "PUBLIC_DOMAIN", "indexUpdatedAt": 1542212756, "description": "The Part D Prescriber State Summary Report, Calendar Year 2014 provides information on prescription drugs prescribed by individual physicians and other health care providers and paid for under the Medicare Part D Prescription Drug Program. The Part D Prescriber PUF is based on information from CMS\u2019s Chronic Conditions Data Warehouse, which contains Prescription Drug Event records submitted by Medicare Advantage Prescription Drug (MAPD) plans and by stand-alone Prescription Drug Plans (PDP). The dataset identifies providers by their National Provider Identifier (NPI) and the specific prescriptions that were dispensed at their direction, listed by brand name (if applicable) and generic name. For each prescriber and drug, the dataset includes the total number of prescriptions that were dispensed, which include original prescriptions and any refills, and the total drug cost. The total drug cost includes the ingredient cost of the medication, dispensing fees, sales tax, and any applicable administration fees and is based on the amount paid by the Part D plan, Medicare beneficiary, government subsidies, and any other third-party payers.", "totalTimesRated": 0, "owner": {"screenName": "OEDA", "id": "a8xm-egf7", "displayName": "OEDA", "type": "interactive", "flags": ["mayBeStoriesCoOwner"]}, "attribution": "CMS", "attributionLink": "https://www.cms.gov/Research-Statistics-Data-and-Systems/Statistics-Trends-and-Reports/Medicare-Provider-Charge-Data/PartD2014.html", "grants": [{"type": "viewer", "inherited": false, "flags": ["public"]}], "rowsUpdatedAt": 1540846277, "name": "Part D Prescriber State Summary Report, Calendar Year 2014", "viewLastModified": 1542212707, "averageRating": 0, "publicationStage": "published", "tableAuthor": {"screenName": "OEDA", "id": "a8xm-egf7", "displayName": "OEDA", "type": "interactive", "flags": ["mayBeStoriesCoOwner"]}, "numberOfComments": 0, "viewType": "tabular", "hideFromDataJson": false, "query": {}, "rowsUpdatedBy": "d5q2-g8iv", "id": "ai2j-rkeh", "license": {"name": "Public Domain"}, "publicationDate": 1542212707, "columns": [{"renderTypeName": "text", "id": 380789278, "position": 1, "name": "State Name", "description": "State description of where the provider is located, as reported in the National Plan & Provider Enumeration System (NPPES).\n", "format": {"align": "left"}, "dataTypeName": "text", "tableColumnId": 54714064, "cachedContents": {"smallest": "Alabama", "non_null": 104070, "null": 0, "top": [{"item": "Alabama", "count": 20}, {"item": "Arizona", "count": 19}, {"item": "Arkansas", "count": 18}, {"item": "California", "count": 17}, {"item": "Colorado", "count": 16}, {"item": "Connecticut", "count": 15}, {"item": "Florida", "count": 14}, {"item": "Georgia", "count": 13}, {"item": "Illinois", "count": 12}, {"item": "Indiana", "count": 11}, {"item": "Kansas", "count": 10}, {"item": "Kentucky", "count": 9}, {"item": "Louisiana", "count": 8}, {"item": "Maryland", "count": 7}, {"item": "Massachusetts", "count": 6}, {"item": "Michigan", "count": 5}, {"item": "Minnesota", "count": 4}, {"item": "Mississippi", "count": 3}, {"item": "Missouri", "count": 2}, {"item": "New Jersey", "count": 1}], "largest": "Wyoming"}, "width": 123, "fieldName": "state"}, {"renderTypeName": "text", "id": 380789279, "position": 2, "name": "Drug Name", "description": "The name of the drug filled. This includes both brand names (for drugs that have a trademarked name) and generic names (for drugs that do not have a trademarked name). \n", "format": {"align": "left"}, "dataTypeName": "text", "tableColumnId": 54714065, "cachedContents": {"smallest": "1ST TIER UNIFINE PENTIPS", "non_null": 104070, "null": 0, "top": [{"item": "ULTRA COMFORT", "count": 20}, {"item": "ZONISAMIDE", "count": 19}, {"item": "ZOSTAVAX", "count": 18}, {"item": "ZOVIA 1-35E", "count": 17}, {"item": "ZOVIRAX", "count": 16}, {"item": "ZYFLO CR", "count": 15}, {"item": "ZYLET", "count": 14}, {"item": "ZYMAXID", "count": 13}, {"item": "ZYPREXA", "count": 12}, {"item": "ZYPREXA ZYDIS", "count": 11}, {"item": "ZYTIGA", "count": 10}, {"item": "ZYVOX", "count": 9}], "largest": "ZYVOX"}, "width": 245, "fieldName": "drug_name"}, {"renderTypeName": "text", "id": 380789280, "position": 3, "name": "Generic Name", "description": "A term referring to the chemical ingredient of a drug rather than the trademarked brand name under which the drug is sold. \n", "format": {"align": "left"}, "dataTypeName": "text", "tableColumnId": 54714066, "cachedContents": {"smallest": "0.9 % SODIUM CHLORIDE", "non_null": 104070, "null": 0, "top": [{"item": "VERAPAMIL HCL", "count": 20}, {"item": "ZOLPIDEM TARTRATE", "count": 19}, {"item": "ZONISAMIDE", "count": 18}, {"item": "ACYCLOVIR", "count": 17}, {"item": "ZILEUTON", "count": 16}, {"item": "TOBRAMYCIN/LOTEPRED ETAB", "count": 15}, {"item": "GATIFLOXACIN", "count": 14}, {"item": "OLANZAPINE", "count": 13}, {"item": "ABIRATERONE ACETATE", "count": 12}, {"item": "LINEZOLID", "count": 11}], "largest": "ZOSTER VACCINE LIVE/PF"}, "width": 240, "fieldName": "generic_name"}, {"renderTypeName": "number", "id": 380789281, "position": 4, "name": " Number of Prescribers ", "description": "The total number of unique providers prescribing the drug. Prescriber counts fewer than 11 are suppressed and are indicated by a blank.\n", "format": {"precision": "0", "precisionStyle": "standard", "align": "right"}, "dataTypeName": "number", "tableColumnId": 54714067, "cachedContents": {"sum": "79891321", "top": [{"item": "13", "count": 20}, {"item": "11", "count": 19}, {"item": "16", "count": 18}, {"item": "12", "count": 17}, {"item": "17", "count": 16}, {"item": "18", "count": 15}, {"item": "78", "count": 14}, {"item": "41", "count": 13}, {"item": "115", "count": 12}, {"item": "39", "count": 11}, {"item": "277", "count": 10}, {"item": "26", "count": 9}, {"item": "20", "count": 8}, {"item": "33", "count": 7}], "null": 19483, "average": "944.4869897265537", "smallest": "11", "largest": "78048", "non_null": 84587}, "width": 183, "fieldName": "number_of_prescribers"}, {"renderTypeName": "number", "id": 380789282, "position": 5, "name": " Number of Medicare Part D Claims ", "description": "The number of Medicare Part D claims. This includes original prescriptions and refills. Aggregated records based on claim counts fewer than 11 are not included in the data.\n", "format": {"precision": "0", "precisionStyle": "standard", "align": "right"}, "dataTypeName": "number", "tableColumnId": 54714068, "cachedContents": {"sum": "1414941809", "top": [{"item": "13", "count": 20}, {"item": "11", "count": 19}, {"item": "22", "count": 18}, {"item": "31", "count": 17}, {"item": "189", "count": 16}, {"item": "25628", "count": 15}, {"item": "68", "count": 14}, {"item": "461", "count": 13}, {"item": "43", "count": 12}, {"item": "19", "count": 11}, {"item": "26", "count": 10}, {"item": "3058", "count": 9}, {"item": "91", "count": 8}, {"item": "18", "count": 7}, {"item": "122", "count": 6}, {"item": "324", "count": 5}, {"item": "28", "count": 4}, {"item": "219", "count": 3}, {"item": "363", "count": 2}, {"item": "12", "count": 1}], "null": 0, "average": "13596.05850869607", "smallest": "11", "largest": "3862341", "non_null": 104070}, "width": 258, "fieldName": "number_of_medicare_part_d_claims"}, {"renderTypeName": "number", "id": 380789283, "position": 6, "name": " Number of Standardized 30-Day Part D Fills ", "description": "The number of Medicare Part D standardized 30-day fills.\u00a0The standardized 30-day fill is derived from the number of days supplied on the Part D claim divided by 30. Standardized 30-day fill values less than 1.0 have been bottom-coded with a value of 1.0 and standardized 30-day fill values greater than 12.0 have been top-coded with a value of 12.0. \n", "format": {"precision": "1", "precisionStyle": "standard", "align": "right"}, "dataTypeName": "number", "tableColumnId": 54714069, "cachedContents": {"sum": "2021672211.3", "top": [{"item": "13", "count": 20}, {"item": "11", "count": 19}, {"item": "12", "count": 18}, {"item": "55", "count": 17}, {"item": "38.7", "count": 16}, {"item": "19", "count": 15}, {"item": "24", "count": 14}, {"item": "64", "count": 13}, {"item": "49", "count": 12}], "null": 0, "average": "19426.08063130585", "smallest": "11", "largest": "7199156.1", "non_null": 104070}, "width": 302, "fieldName": "number_of_standardized_30_day_part_d_fills"}, {"renderTypeName": "number", "id": 380789284, "position": 7, "name": "Aggregate Cost Paid for Part D Claims", "description": "The aggregate total drug cost paid for all associated claims. This amount includes ingredient cost, dispensing fee, sales tax, and any applicable vaccine administration fees. The total drug cost is based on the amounts paid by the Part D plan, Medicare beneficiary, government subsidies, and any other third-party payers.  \n", "format": {"precision": "2", "precisionStyle": "currency", "align": "right", "currencyStyle": "USD"}, "dataTypeName": "number", "tableColumnId": 54714070, "cachedContents": {"sum": "121319220903.22", "top": [{"item": "6983.86", "count": 20}, {"item": "22158.08", "count": 19}, {"item": "266109.81", "count": 18}, {"item": "339.56", "count": 17}, {"item": "38164.94", "count": 16}, {"item": "24784.75", "count": 15}, {"item": "7774.97", "count": 14}, {"item": "2153.1", "count": 13}, {"item": "15640.25", "count": 12}, {"item": "12251.26", "count": 11}, {"item": "456853.84", "count": 10}, {"item": "157929.2", "count": 9}], "null": 0, "average": "1165746.333268185", "smallest": "0.06", "largest": "415340536.25", "non_null": 104070}, "width": 279, "fieldName": "aggregate_cost_paid_for_part_d_claims"}, {"renderTypeName": "number", "id": 380789285, "position": 8, "name": " Number of Medicare Beneficiaries ", "description": "The total number of unique Medicare Part D beneficiaries with at least one claim for the drug. Beneficiary counts fewer than 11 are suppressed and are indicated by a blank.\n", "format": {"precision": "0", "precisionStyle": "standard", "align": "right"}, "dataTypeName": "number", "tableColumnId": 54714071, "cachedContents": {"sum": "363179886", "top": [{"item": "11", "count": 20}, {"item": "16", "count": 19}, {"item": "12", "count": 18}, {"item": "13", "count": 17}, {"item": "15", "count": 16}, {"item": "36", "count": 15}, {"item": "18", "count": 14}, {"item": "94", "count": 13}, {"item": "1360", "count": 12}, {"item": "25", "count": 11}, {"item": "30", "count": 10}, {"item": "14", "count": 9}, {"item": "29", "count": 8}], "null": 17736, "average": "4206.684342205852", "smallest": "11", "largest": "979568", "non_null": 86334}, "width": 252, "fieldName": "number_of_medicare_beneficiaries"}, {"renderTypeName": "text", "id": 380789286, "position": 9, "name": " GE65 Suppression Flag ", "description": "This flag indicates the reason that the Number of Medicare Part D Claims for Beneficiaries 65+, Number of Standardized 30-Day Part D Fills for Beneficiaries 65+, and Aggregate Cost Paid for Part D Claims for Beneficiaries 65+ are suppressed. An \"*\" indicates primary suppression due to Number of Medicare Part D Claims for Beneficiaries 65+ being between 1 and 10. A \"#\" indicates counter suppression because the \"less than 65 group\" (not explicitly displayed) contains a claim count between 1 and 10, which can be mathematically determined from the Number of Medicare Part D Claims and the Number of Medicare Part D Claims for Beneficiaries 65+.\n", "format": {"align": "right"}, "dataTypeName": "text", "tableColumnId": 54714072, "cachedContents": {"smallest": "*", "non_null": 19230, "null": 84840, "top": [{"item": "*", "count": 20}, {"item": "#", "count": 19}], "largest": "#"}, "width": 193, "fieldName": "ge65_suppression_flag"}, {"renderTypeName": "number", "id": 380789287, "position": 10, "name": " Number of Medicare Part D Claims for Beneficiaries 65+ ", "description": "The number of Medicare Part D claims for beneficiaries age 65 and older. This includes original prescriptions and refills. A blank indicates the value is suppressed. See GE65 Suppression Flag regarding suppression of data.\n", "format": {"precision": "0", "precisionStyle": "standard", "align": "right"}, "dataTypeName": "number", "tableColumnId": 54714073, "cachedContents": {"sum": "1083139030", "top": [{"item": "0", "count": 20}, {"item": "13", "count": 19}, {"item": "11", "count": 18}, {"item": "71", "count": 17}, {"item": "22", "count": 16}, {"item": "337", "count": 15}, {"item": "1390", "count": 14}, {"item": "1255", "count": 13}, {"item": "24", "count": 12}, {"item": "22668", "count": 11}, {"item": "20", "count": 10}, {"item": "408", "count": 9}, {"item": "26", "count": 8}, {"item": "2692", "count": 7}, {"item": "77", "count": 6}, {"item": "52", "count": 5}, {"item": "218", "count": 4}, {"item": "141", "count": 3}, {"item": "183", "count": 2}, {"item": "15", "count": 1}], "null": 19230, "average": "12766.84382366808", "smallest": "0", "largest": "3422547", "non_null": 84840}, "width": 375, "fieldName": "number_of_medicare_part_d_claims_for_beneficiaries_65"}, {"renderTypeName": "number", "id": 380789288, "position": 11, "name": " Number of Standardized 30-Day Part D Fills for Beneficiaries 65+ ", "description": "The number of Medicare Part D standardized 30-day fills for beneficiaries age 65 and older.\u00a0The standardized 30-day fill is derived from the number of days supplied on the Part D claim divided by 30. Standardized 30-day fill values less than 1.0 have been bottom-coded with a value of 1.0 and standardized 30-day fill values  greater than 12.0 have been top-coded with a value of 12.0. If Number of Medicare Part D Claims for Beneficiaries 65+ is suppressed, this variable is suppressed. A blank indicates the value is suppressed. See GE65 Suppression Flag regarding suppression of data.\n", "format": {"precision": "1", "precisionStyle": "standard", "align": "right"}, "dataTypeName": "number", "tableColumnId": 54714074, "cachedContents": {"sum": "1622507939.5", "top": [{"item": "0", "count": 20}, {"item": "13", "count": 19}, {"item": "11", "count": 18}, {"item": "735", "count": 17}, {"item": "1102.8", "count": 16}, {"item": "171.7", "count": 15}, {"item": "156", "count": 14}, {"item": "22", "count": 13}, {"item": "538", "count": 12}, {"item": "1480.5", "count": 11}, {"item": "2111", "count": 10}, {"item": "24", "count": 9}, {"item": "32860.9", "count": 8}, {"item": "21", "count": 7}, {"item": "582.3", "count": 6}, {"item": "40", "count": 5}, {"item": "60.9", "count": 4}, {"item": "3207.4", "count": 3}, {"item": "77", "count": 2}, {"item": "52.1", "count": 1}], "null": 19230, "average": "19124.32743399340", "smallest": "0", "largest": "6605712.2", "non_null": 84840}, "width": 418, "fieldName": "number_of_standardized_30_day_part_d_fills_for_beneficiaries_65"}, {"renderTypeName": "number", "id": 380789289, "position": 12, "name": "Aggregate Cost Paid for Part D Claims for Beneficiaries 65+", "description": "The aggregate total drug cost paid for all associated claims for beneficiaries age 65 and older. This amount includes ingredient cost, dispensing fee, sales tax, and any applicable vaccine administration fees. The total drug cost is based on the amounts paid by the Part D plan, Medicare beneficiary, government subsidies, and any other third-party payers. If Number of Medicare Part D Claims for Beneficiaries 65+ is suppressed, this variable is suppressed. A blank indicates the value is suppressed. See GE65 Suppression Flag regarding suppression of data.\n", "format": {"precision": "2", "precisionStyle": "currency", "align": "right", "currencyStyle": "USD"}, "dataTypeName": "number", "tableColumnId": 54714075, "cachedContents": {"sum": "81415816474.79", "top": [{"item": "0", "count": 20}, {"item": "627139.49", "count": 19}, {"item": "5463.68", "count": 18}, {"item": "163742.87", "count": 17}, {"item": "377074.2", "count": 16}, {"item": "123806.66", "count": 15}, {"item": "24502.84", "count": 14}, {"item": "80012.89", "count": 13}, {"item": "19612.19", "count": 12}, {"item": "45737.03", "count": 11}, {"item": "80900.93", "count": 10}, {"item": "375784.38", "count": 9}, {"item": "4946.77", "count": 8}, {"item": "217378.5", "count": 7}, {"item": "244.92", "count": 6}, {"item": "172610.69", "count": 5}, {"item": "21226.15", "count": 4}, {"item": "6707.32", "count": 3}, {"item": "810698.99", "count": 2}, {"item": "179966.66", "count": 1}], "null": 19230, "average": "959639.5152615512", "smallest": "0", "largest": "230805752.02", "non_null": 84840}, "width": 401, "fieldName": "aggregate_cost_paid_for_part_d_claims_for_beneficiaries_65"}, {"renderTypeName": "text", "id": 380789290, "position": 13, "name": " Beneficiary 65+ Suppression Flag ", "description": "This flag indicates the reason that the Number of Medicare Beneficiaries 65+ has been suppressed. An \"*\" indicates primary suppression due to Number of Medicare Beneficiaries 65+ being between 1 and 10. A \"#\" indicates counter suppression because the \u201cless than 65 year old\u201d group (not explicitly displayed) contains a beneficiary count between 1 and 10, which can be mathematically determined from Number of Medicare Beneficiaries and Number of Medicare Beneficiaries 65+.\n", "format": {"align": "right"}, "dataTypeName": "text", "tableColumnId": 54714076, "cachedContents": {"smallest": "*", "non_null": 38854, "null": 65216, "top": [{"item": "#", "count": 20}, {"item": "*", "count": 19}], "largest": "#"}, "width": 245, "fieldName": "beneficiary_65_suppression_flag"}, {"renderTypeName": "number", "id": 380789291, "position": 14, "name": " Number of Medicare Beneficiaries 65+ ", "description": "The total number of unique Medicare Part D beneficiaries age 65 and older with at least one claim for the drug. A blank indicates the value is suppressed. See Beneficiary 65+ Suppression Flag regarding suppression of data.\n", "format": {"precision": "0", "precisionStyle": "standard", "align": "right"}, "dataTypeName": "number", "tableColumnId": 54714077, "cachedContents": {"sum": "285889981", "top": [{"item": "0", "count": 20}, {"item": "3766", "count": 19}, {"item": "100", "count": 18}, {"item": "642", "count": 17}, {"item": "16", "count": 16}, {"item": "70", "count": 15}, {"item": "66", "count": 14}, {"item": "612", "count": 13}, {"item": "34", "count": 12}, {"item": "2288", "count": 11}, {"item": "80", "count": 10}, {"item": "23", "count": 9}, {"item": "1279", "count": 8}], "null": 38854, "average": "4383.739895117763", "smallest": "0", "largest": "783392", "non_null": 65216}, "width": 274, "fieldName": "number_of_medicare_beneficiaries_65"}, {"renderTypeName": "number", "id": 380791404, "position": 15, "name": "Aggregate Cost Share for Beneficiaries with Low Income Subsidy", "description": "The aggregate total cost that beneficiaries using a drug, with a low-income subsidy, are responsible for paying during the year.", "format": {"precision": "2", "precisionStyle": "currency", "align": "right", "currencyStyle": "USD"}, "dataTypeName": "number", "tableColumnId": 71153551, "cachedContents": {"sum": "957493701.09", "top": [{"item": "0", "count": 20}, {"item": "6.35", "count": 19}, {"item": "24.35", "count": 18}, {"item": "5249.8", "count": 17}, {"item": "376.21", "count": 16}, {"item": "231.27", "count": 15}, {"item": "1145.68", "count": 14}, {"item": "64.35", "count": 13}, {"item": "12.7", "count": 12}, {"item": "50.8", "count": 11}, {"item": "148.34", "count": 10}, {"item": "14.4", "count": 9}, {"item": "35.35", "count": 8}, {"item": "728.95", "count": 7}], "null": 0, "average": "9200.477573652349", "smallest": "0", "largest": "2089348.28", "non_null": 104070}, "width": 434, "fieldName": "aggregate_cost_share_for_beneficiaries_with_low_income_subsidy"}, {"renderTypeName": "number", "id": 380791417, "position": 16, "name": "Aggregate Cost Share for Beneficiaries with No Low Income Subsidy", "description": "The aggregate total cost that beneficiaries using a drug, with no low-income subsidy, are responsible for paying during the year.", "format": {"precision": "2", "precisionStyle": "currency", "align": "right", "currencyStyle": "USD"}, "dataTypeName": "number", "tableColumnId": 71153564, "cachedContents": {"sum": "13335991264.50", "top": [{"item": "0", "count": 20}, {"item": "21329.94", "count": 19}, {"item": "33214.36", "count": 18}, {"item": "6732.98", "count": 17}, {"item": "107511.71", "count": 16}, {"item": "3485.98", "count": 15}, {"item": "96443.89", "count": 14}, {"item": "42.27", "count": 13}, {"item": "25272.02", "count": 12}, {"item": "3540.54", "count": 11}, {"item": "108.23", "count": 10}, {"item": "899.48", "count": 9}, {"item": "151376.58", "count": 8}, {"item": "13007.82", "count": 7}, {"item": "628.14", "count": 6}, {"item": "7600.9", "count": 5}, {"item": "3778.26", "count": 4}, {"item": "5142.97", "count": 3}, {"item": "26743.47", "count": 2}, {"item": "5864.53", "count": 1}], "null": 0, "average": "128144.4341741136", "smallest": "0", "largest": "30572263.38", "non_null": 104070}, "width": 457, "fieldName": "aggregate_cost_share_for_beneficiaries_with_no_low_income_subsidy"}, {"renderTypeName": "text", "id": 380789292, "position": 17, "name": " Opioid Drug Flag ", "description": "A flag indicating whether drugs in this Drug Name/ Generic Name combination are identified as an opioid drug. The list for opioids are based upon drugs included in the Medicare Part D Overutilization Monitoring System (OMS). The list originates from the Centers for Disease Control and Prevention. For additional information on Medicare Part D OMS visit: https://www.cms.gov/Medicare/Prescription-Drug-Coverage/PrescriptionDrugCovContra/RxUtilization.html.\n", "format": {"align": "right"}, "dataTypeName": "text", "tableColumnId": 54714078, "cachedContents": {"smallest": "N", "non_null": 104070, "null": 0, "top": [{"item": "N", "count": 20}, {"item": "Y", "count": 19}], "largest": "Y"}, "width": 152, "fieldName": "opioid_drug_flag"}, {"renderTypeName": "text", "id": 380789294, "position": 18, "name": "Long-Acting Opioid Drug Flag ", "description": "A flag indicating whether drugs in this Drug Name/ Generic Name combination are identified as a long-acting opioid drug. The list for long-acting opioids are based upon drugs included in the Medicare Part D Overutilization Monitoring System (OMS). Those drugs were then identified by Drug Name/ Generic Name combinations as those that are formulated to release their medications over an extended period of time.", "format": {"align": "right"}, "dataTypeName": "text", "tableColumnId": 54714080, "cachedContents": {"smallest": "N", "non_null": 104070, "null": 0, "top": [{"item": "N", "count": 20}, {"item": "Y", "count": 19}], "largest": "Y"}, "width": 228, "fieldName": "long_acting_opioid_drug_flag"}, {"renderTypeName": "text", "id": 380789293, "position": 19, "name": " Antibiotic Drug Flag ", "description": "A flag indicating whether drugs in this Drug Name/ Generic Name combination are identified as an antibiotic drug. The list for antibiotics was created by identifying antibiotic subcategories with the exclusion of the following types of products: tuberculosis agents, antimalarials, topical agents (topical ophthalmic, optic, vaginal, and dermatological agents, etc.).\n", "format": {"align": "right"}, "dataTypeName": "text", "tableColumnId": 54714079, "cachedContents": {"smallest": "N", "non_null": 104070, "null": 0, "top": [{"item": "N", "count": 20}, {"item": "Y", "count": 19}], "largest": "Y"}, "width": 165, "fieldName": "antibiotic_drug_flag"}, {"renderTypeName": "text", "id": 380789295, "position": 20, "name": " Antipsychotic Drug Flag ", "description": "A flag indicating whether drugs in this Drug Name/ Generic Name combination are identified as an antipsychotic drug. The list for antipsychotics was created by identifying antipsychotic subcategories, including first and second generation antipsychotics, as well as antipsychotics included in combination with other drugs, (e.g., OLANZAPINE/FLUOXETINE HCL).\n", "format": {"align": "right"}, "dataTypeName": "text", "tableColumnId": 54714081, "cachedContents": {"smallest": "N", "non_null": 104070, "null": 0, "top": [{"item": "N", "count": 20}, {"item": "Y", "count": 19}], "largest": "Y"}, "width": 188, "fieldName": "antipsychotic_drug_flag"}], "newBackend": false, "tags": ["part d", "state", "summary", "mpup"], "hideFromCatalog": false, "displayType": "table", "flags": ["default", "restorable", "restorePossibleForType"]}